{
  "coef_videos": -8.301142954103044,
  "coef_views": 0.0008678647887467569,
  "intercept": 18002662.166351236,
  "mae": 10434471.482545743,
  "rmse": 24673386.700201694,
  "r2": 0.26836238307588633,
  "mape": 23.872181890274682,
  "n_train": 388,
  "n_test": 97
}